2025-03-25 12:12:39,436a6d536138f203ac333858cff92a568be62797752b3adb94bcaa0f6ffe7ef6
2025-03-26 08:00:07,436a6d536138f203ac333858cff92a568be62797752b3adb94bcaa0f6ffe7ef6
2025-03-26 08:00:32,9fbda1934206d6641dcb6af44949f07f8ccef40bdfa7205c62c995e9eac929a5
2025-03-26 08:30:49,Customer123,Purchase,50.00
2025-03-26 08:39:55,Customer123,Purchase,50.00
2025-03-26 08:40:49,Customer123,Purchase,50.00
2025-03-26 08:41:22,Customer123,Purchase,50.00
2025-03-26 08:46:40,Customer123,Purchase,50.00
2025-03-26 08:49:26,Customer123,Purchase,50.00
2025-03-26 08:51:18,Customer123,Purchase,50.00
2025-03-26 08:52:57,Customer123,Purchase,50.00
2025-03-26 08:56:43,Customer123,Purchase,50.00
2025-03-26 08:57:08,Customer123,Purchase,50.00
2025-03-26 08:57:45,Customer123,Purchase,50.00
2025-03-26 08:58:04,Customer123,Purchase,50.00
2025-03-26 09:00:11,Customer123,Purchase,50.00
2025-03-26 09:01:09,Customer123,Purchase,50.00
2025-03-26 09:04:40,Customer123,Purchase,50.00
